Forecast_Day,Forecast_Close
1,440.43861099790365
2,453.34458906636803
3,447.87399785092043
4,449.67331797550287
5,442.64970646015513
6,450.03008883889254
7,459.1985511918166
